{"train_loss": [1.0692958927154543, 0.4116660594940186, 0.2923743915557861], "train_mse_loss": [0.041150099635124206, 0.053868415951728824, 0.03652861982584], "train_bce_loss": [0.534465675354004, 0.1064632222056389, 0.06517781227827073], "train_gdl_loss": [0.03004367113113403, 0.030736006796360016, 0.02915472835302353], "train_l1_loss": [0.1445497703552246, 0.17268967032432556, 0.13843087673187254], "train_kld_loss": [0.31908668458461764, 0.04790873467922212, 0.023082350492477414], "psnr": [10.345201551914215, 16.797229170799255, 14.82298058271408], "ssim": [0.4165716599673033, 0.5246217716485262, 0.5031710620969534], "lpips": [0.011992975247267168, -0.011123582706204616, 0.018770264883642085]}